pageKey,urlPattern,robotsDefault,title,h1,description,targetIntent,contentGateRule,status
home,/,index,"Новостройки и квартиры в Ростове-на-Дону — Союз Застройщиков","Новостройки и квартиры в Ростове-на-Дону","Каталог новостроек и квартир Ростова-на-Дону: цены от застройщиков, планировки, сроки сдачи. Помощь с ипотекой и юридическая проверка сделки.",home,none,active
geoHub,/{geo}/,"noindex,follow","Недвижимость в Ростове-на-Дону: новостройки и квартиры","Недвижимость в Ростове-на-Дону","Новостройки и квартиры в Ростове-на-Дону: актуальные предложения от застройщиков и собственников, цены и планировки.",geo-hub,none,active
catNovostroyki,/{geo}/novostroyki/,index,"Новостройки Ростова-на-Дону — цены от застройщиков","Новостройки в Ростове-на-Дону","Новостройки Ростова-на-Дону от застройщиков: цены, планировки, сроки сдачи и расположение ЖК. Подбор квартиры и помощь с ипотекой.",novostroyki-catalog,none,active
catKvartiry,/{geo}/kvartiry/,index,"Купить квартиру в Ростове-на-Дону — цены и планировки","Квартиры в Ростове-на-Дону","Квартиры в Ростове-на-Дону в новостройках и на вторичном рынке: цены, площадь, этаж и планировки. Фильтры по району, комнатности и бюджету.",kvartiry-catalog,none,active
facetVtorichka,/{geo}/kvartiry/vtorichka/,index,"Вторичное жильё в Ростове-на-Дону — квартиры с ценами","Вторичные квартиры в Ростове-на-Дону","Квартиры на вторичном рынке Ростова-на-Дону: актуальные предложения с ценами, фото и планировками. Юридическая проверка объекта перед покупкой.",vtorichka-facet,inventory,active
distLeninskiy,/{geo}/novostroyki/leninskiy/,index,"Новостройки Ленинского района Ростова-на-Дону — цены","Новостройки Ленинского района","Новостройки Ленинского района Ростова-на-Дону: ЖК от застройщиков, цены, планировки и сроки сдачи. Подбор квартиры и ипотека.",district-leninskiy,inventory,active
distVoroshilovskiy,/{geo}/novostroyki/voroshilovskiy/,index,"Новостройки Ворошиловского района Ростова — цены","Новостройки Ворошиловского района","Новостройки Ворошиловского района Ростова-на-Дону: жилые комплексы, цены от застройщиков, планировки и сроки сдачи домов.",district-voroshilovskiy,inventory,active
distSevernyy,/{geo}/novostroyki/severnyy/,index,"Новостройки Северного микрорайона Ростова-на-Дону","Новостройки в Северном микрорайоне","Новостройки Северного микрорайона Ростова-на-Дону: ЖК, цены на квартиры, планировки и сроки сдачи. Помощь с ипотекой.",district-severnyy,inventory,active
distTsentr,/{geo}/novostroyki/tsentr/,index,"Новостройки в центре Ростова-на-Дону — цены, ЖК","Новостройки в центре Ростова-на-Дону","Новостройки в центре Ростова-на-Дону: жилые комплексы бизнес- и комфорт-класса, цены, планировки и сроки сдачи.",district-tsentr,inventory,active
developers,/{developersSegment}/,index,"Застройщики Ростова-на-Дону — список и новостройки","Застройщики Ростова-на-Дону","Застройщики Ростова-на-Дону: список компаний, их жилые комплексы, сданные и строящиеся дома, актуальные предложения квартир.",developers-index,none,active
developer,/{developersSegment}/{slug}/,index,"{Застройщик} — новостройки в Ростове-на-Дону, цены","Застройщик {Застройщик}","Новостройки застройщика {Застройщик} в Ростове-на-Дону: жилые комплексы, цены на квартиры, планировки и сроки сдачи.",developer-page,developer,active
development,/{developmentSegment}/zhk-{slug}/,index,"ЖК {Название} в Ростове-на-Дону — цены, планировки","ЖК {Название}","ЖК {Название} от {Застройщик}: квартиры от {minPrice} ₽, планировки, срок сдачи {deadline}, район {district}. Ипотека и проверка сделки.",development-page,development,active
property,/{objectNamespace}/{slug}-{publicUrlId}/,index,"{N}-комнатная квартира {S} м² в {ЖК|район} — {price} ₽","{N}-комнатная квартира, {S} м²","{N}-комнатная квартира {S} м², этаж {floor}/{floors}, {ЖК|адрес}, Ростов-на-Дону. Цена {price} ₽, планировка и фото.",property-page,property,active
team,/{teamSegment}/,index,"Команда агентов по недвижимости в Ростове-на-Дону","Команда агентов по недвижимости","Агенты Союз Застройщиков в Ростове-на-Дону: подбор новостройки, вторички и сопровождение сделки. Контакты специалистов и объекты в работе.",team-index,none,active
agent,/{teamSegment}/{slug}/,index,"Агент {slug} — новостройки и квартиры в Ростове-на-Дону","Агент {slug}","Агент {slug} помогает купить квартиру в Ростове-на-Дону: новостройки, цены, планировки и сопровождение сделки до регистрации.",agent-page,none,active
ipoteka,/ipoteka/,index,"Ипотека на квартиру в Ростове-на-Дону — Союз Застройщиков","Ипотека на квартиру в Ростове-на-Дону","Помощь с ипотекой на новостройку и вторичное жильё в Ростове-на-Дону: подбор программы, подготовка документов и сопровождение до сделки.",ipoteka,none,active
yurist,/yurist-po-nedvizhimosti/,index,"Юрист по недвижимости в Ростове-на-Дону — Союз Застройщиков","Юрист по недвижимости в Ростове-на-Дону","Юридическое сопровождение сделок с недвижимостью в Ростове-на-Дону: проверка объекта и документов, ДДУ и договор купли-продажи, регистрация.",yurist,none,active
about,/o-kompanii/,index,"О компании «Союз Застройщиков» — недвижимость в Ростове","О компании «Союз Застройщиков»","«Союз Застройщиков» — подбор новостроек и квартир в Ростове-на-Дону, ипотека и юридическое сопровождение. Основатель и директор — Екатерина Мормуль.",about,none,active
contacts,/kontakty/,index,"Контакты «Союз Застройщиков» — офис в Ростове-на-Дону","Контакты","Офис «Союз Застройщиков»: Ростов-на-Дону, пер. Доломановский, 19, 1 этаж, офис 1. Телефон +7 (988) 555-20-27, ежедневно с 9:00 до 18:00.",contacts,none,active
vacancies,/vakansii/,index,"Вакансии «Союз Застройщиков» — работа в Ростове-на-Дону","Вакансии","Работа в сфере недвижимости в Ростове-на-Дону: актуальные вакансии «Союз Застройщиков», условия и контакты для отклика.",vacancies,none,active
privacy,/politika-konfidencialnosti/,"noindex,follow","Политика обработки персональных данных — Союз Застройщиков","Политика обработки персональных данных","Политика обработки персональных данных ИП Мормуль Е. В.: состав сведений, цели обработки, права субъекта и контакты оператора в Ростове-на-Дону.",privacy,none,active
consent,/soglasie-na-obrabotku-personalnyh-dannyh/,"noindex,follow","Согласие на обработку персональных данных — Союз Застройщиков","Согласие на обработку персональных данных","Согласие на обработку персональных данных при заявке: перечень данных, цели, срок хранения и контакты оператора ИП Мормуль Е. В.",consent,none,active
thanks,/spasibo/,"noindex,nofollow","Заявка отправлена — Союз Застройщиков","Спасибо, заявка отправлена","Заявка в «Союз Застройщиков» отправлена. Мы свяжемся с вами в рабочее время офиса в Ростове-на-Дону, ежедневно с 9:00 до 18:00.",thanks,none,active
favorites,/izbrannoe/,"noindex,nofollow","Избранное на сайте — Союз Застройщиков","Избранное","Сохранённые квартиры и новостройки. Список избранного доступен только в этом браузере и не индексируется поисковыми системами.",favorites,none,active
search,/poisk/,"noindex,follow","Поиск по каталогу — Союз Застройщиков","Поиск","Поиск по каталогу новостроек и квартир: введите запрос, чтобы найти жилой комплекс, застройщика или объявление в текущей выдаче.",search,none,active
notFound,404,noindex,"Страница не найдена — Союз Застройщиков","Страница не найдена","Страница не найдена. Проверьте адрес или вернитесь к каталогу новостроек и квартир «Союз Застройщиков» в Ростове-на-Дону.",not-found,none,active
