pageKey,urlPattern,robotsDefault,title,h1,description,targetIntent,contentGateRule,status,og
home,/,index,"Новостройки Краснодара — каталог квартир от застройщиков","Новостройки Краснодара","Каталог новостроек Краснодара: цены от застройщиков, планировки и сроки сдачи. Подбор квартиры без обязательств.",home,none,active
geoHub,/{geo}/,"noindex,follow","Недвижимость в Краснодаре: новостройки и цены","Недвижимость в Краснодаре","Новостройки Краснодара: актуальные предложения застройщиков, цены и планировки по районам города.",geo-hub,none,active
catNovostroyki,/{geo}/novostroyki/,index,"Новостройки Краснодара — цены и жилые комплексы","Новостройки в Краснодаре","Новостройки Краснодара от застройщиков: цены, планировки, сроки сдачи и расположение ЖК. Подбор квартиры.",novostroyki-catalog,none,active
distTsentralnyy,/{geo}/novostroyki/tsentralnyy/,index,"Новостройки Центрального округа Краснодара — цены","Новостройки Центрального округа","Новостройки Центрального округа Краснодара: жилые комплексы, цены от застройщиков и планировки квартир.",district-tsentralnyy,inventory,active
distZapadnyy,/{geo}/novostroyki/zapadnyy/,index,"Новостройки Западного округа Краснодара — цены ЖК","Новостройки Западного округа","Новостройки Западного округа Краснодара: ЖК, цены, планировки и сроки сдачи. Подбор квартиры от застройщика.",district-zapadnyy,inventory,active
distPrikubanskiy,/{geo}/novostroyki/prikubanskiy/,index,"Новостройки Прикубанского округа Краснодара","Новостройки Прикубанского округа","Новостройки Прикубанского округа Краснодара: жилые комплексы, цены на квартиры, планировки и сроки сдачи.",district-prikubanskiy,inventory,active
developers,/{developersSegment}/,index,"Застройщики Краснодара — список компаний и ЖК","Застройщики Краснодара","Застройщики Краснодара: список компаний, их жилые комплексы и актуальные предложения квартир в новостройках.",developers-index,none,active
developer,/{developersSegment}/{slug}/,index,"{Застройщик} — новостройки в Краснодаре, цены ЖК","Застройщик {Застройщик}","Новостройки застройщика {Застройщик} в Краснодаре: жилые комплексы, цены на квартиры, планировки и сроки сдачи.",developer-page,developer,active
development,/{developmentSegment}/zhk-{slug}/,index,"ЖК {Название} в Краснодаре — цены и планировки","ЖК {Название}","ЖК {Название} от {Застройщик}: квартиры от {minPrice} ₽, планировки, срок сдачи {deadline}, район {district}.",development-page,development,active
property,/{objectNamespace}/{slug}-{publicUrlId}/,index,"{N}-комнатная квартира {S} м² в {ЖК|район} — {price} ₽","{N}-комнатная квартира, {S} м²","{N}-комнатная квартира {S} м², этаж {floor}/{floors}, {ЖК|адрес}, Краснодар. Цена {price} ₽, планировка и фото.",property-page,property,active
team,/{teamSegment}/,index,"Команда агентов по недвижимости в Краснодаре","Команда агентов по недвижимости","Агенты каталога новостроек Краснодара: подбор квартиры, консультация по ЖК и сопровождение сделки с застройщиком.",team-index,none,active
agent,/{teamSegment}/{slug}/,index,"Агент {slug} — новостройки и квартиры в Краснодаре","Агент {slug}","Агент {slug} помогает купить квартиру в Краснодаре: новостройки, цены, планировки и сопровождение сделки.",agent-page,none,active
about,/o-kompanii/,index,"О компании — новостройки Краснодара, подбор квартир","О компании","Подбор новостроек и квартир в Краснодаре: консультация, ипотека и проверка сделки. Каталог предложений застройщиков.",about,none,active
contacts,/kontakty/,index,"Контакты — подбор новостроек и квартир в Краснодаре","Контакты","Контакты каталога новостроек Краснодара: заявка на подбор квартиры, консультация по ценам и жилым комплексам.",contacts,none,active
notFound,404,noindex,"Страница не найдена — каталог новостроек Краснодара","Страница не найдена","Страница не найдена. Проверьте адрес или вернитесь к каталогу новостроек и квартир Краснодара.",not-found,none,active
